AGEN,CPLP,PAGP,MDWD,TATT,PCYO,WERN,PMGM,EQBK,LYFT,CPOP,EDTK,NTRS,BWC,VWE,IMKTA,PLMR,PT,MDXH,UBOH,MYMD,OFIX,CTXR,CLOE,VRM,SCVL,BRKL,VERB,AROW,FKWL,EBTC,ARHS,CLAY,ALRM,PRFT,CBSH,NSTG,DGLY,ONB,MRNA,RARE,THMO,SRAD,HAFC,CCOI,CNDT,RPD,GLTO,CDXC,PRVA,LGVC,ITIC,CERS,TENB,SYNH,DAKT,SHBI,PETV,HQY,COHR,UNAM,SDAC,UAL,VSTA,NTGR,BTCS,EA,CELU,XOS,TRST,EXLS,VBNK,FEIM,CONN,OP,EFSC,PLXS,GBNY,POAI,LIQT,NXGN,HAIN,RCEL,ITCI,REAL,ATEC,STGW,VC,INVO,BGFV,URBN,VRAR,CERT,TCMD,MASS,SCPL,ZS,GVP,NWFL,LIFE,GLSI,JAKK,ARRY,SMIT,MAPS,AIHS,EMBK,LGST,NVEC,FITB,AQST,NWSA,HBIO,DORM,FMNB,HUT,HBAN,THRM,ZEUS,CODA,HITI,SGRP,COHU,CROX,SLGC,CCAP,MOLN,LPLA,RICK,VAXX,DLHC,CPHC,CSTL,NRAC,MSFT,UTSI,RCON,GLBS,UCBI,STCN,MGNX,SNFCA,HYZN,PPHP,HTBI,PLCE,VEON,IMCC,PRSR,GTX,HOLX,CHCO,INTA,ANTE,PWOD,WDC,PSNL,CSTE,SLN,CCB,DOOO,DLTH,IESC,ASTL,IPWR,IMXI,PCB,AKBA,EXTR,LSTR,INTC,RBB,BREZ,APPF,WILC,CRESY,STRA,CVBF,CNTG,SUPN,TEAM,CYRX,GTBP,BRQS,RMGC,SDGR,AVGR,PGC,KALA,ARKR,ACXP,RETO,AACG,APDN,MRVI,DMTK,HALL,ORRF,TTMI,AEP,NDSN,IEP,AZN,ELTK,OCC,CTAS,PAX,WIRE,CAR,PCTI,PCRX,BEEM,MDLZ,ADER,ETON,PI,MORN,MBIN,HHR,AVID,SYTA,DRRX,METC,FGBI,SOHO,TSBK,EM,HBCP,ARTE,KLTR,PRCH,LMPX,ACMR,BOOM,EPSN,LNT,TRVN,VIOT,AOUT,PNRG,SCOR,CHEF,KMDA,CTKB,LIVN,FWONA,SBAC,UCL,TBBK,NEXI,CFBK,MTSI,RELL,SDIG,APMI,PLTK,BOXL,MSTR,EVAX,AURA,SBT,DLTR,GRWG,LOPE,GURE,EEIQ,CZR,CTRE,VBIV,ITRI,IMMX,RGC,TRMK,MTCH,EVGN,FOXF,LKQ,INCY,NKLA,OLK,BL,SHEN,HUIZ,AKU,LMAT,PUYI,IPA,INCR,NDLS,LYTS,FNLC,MVIS,BGRY,INTU,SSB,VLGEA,AEHL,ROVR,VISL,HFWA,BROG,BMBL,ALLT,LEGH,SXTC,FANH,MEIP,KDP,THCP,IDN,VERO,BMEA,AATC,HBT,RDI,WTFC,SMCI,LARK,SFM,ARYD,CLLS,AXTI,CING,BNGO,PSEC,IFRX,BTWN,LOCO,CDZI,BAOS,ARAY,JOAN,CARE,NFLX,FCCO,SJ,CTRM,BOKF,ICFI,SSNC,TWKS,CLMT,AAOI,BFIN,LUCD,EXEL,VICR,CNSP,ULH,MDVL,ELEV,FELE,UTRS,PFC,COMS,CWCO,NSYS,MHLD,DTSS,PEBO,MNPR,PSTV,MUDS,WNEB,GEOS,DKDCA,REKR,RIOT,ISTR,TBLT,SYPR,NATH,GFS,HOLI,DHCA,ATOM,AGNC,INDP,CGEN,ARTL,ATXI,BOSC,TRMR,ODT,OFLX,FRLN,DNUT,SFIX,PIII,SLM,TCX,GLBZ,AURC,TREE,FARO,TRKA,GOOGL,NVDA,RRGB,BVS,TH,OZON,FREE,ADIL,NSIT,STRT,RPAY,ATNF,VERA,BPRN,ROOT,BBIO,QH,EVER,VRRM,ESLT,RNXT,FTCI,ICCM,SMTC,IRWD,AMTI,HSIC,HQI,TTWO,LE,PYPD,RBCAA,SPWH,EML,BGNE,HBNC,BECN,AUB,ARDX,REAX,ONDS,LBRDA,MULN,JVA,IMVT,CALM,BLKB,NEPH,VRDN,FA,SBUX,FIVE,AOSL,WAFU,USAU,FBIZ,REED,STKL,CIVB
,1.0,,,1.0,1.0,,,,,,,1.0,,,1.0,,,,1.0,,1.0,,,,,,,1.0,1.0,,,,,,,,1.0,,,,,,,,,,,1.0,,,,,,,1.0,1.0,,,1.0,1.0,,1.0,,1.0,,,,,,,,1.0,1.0,,,1.0,,1.0,,1.0,1.0,,,,1.0,1.0,1.0,,1.0,1.0,,,,,,,1.0,1.0,1.0,,,,1.0,,,,,,1.0,,,1.0,,1.0,,,,,,,1.0,1.0,1.0,,,,1.0,1.0,,1.0,1.0,,,1.0,,1.0,1.0,1.0,,,1.0,,,,1.0,1.0,,,,,1.0,,1.0,,1.0,,,,,,,1.0,,,,,,1.0,,,,,,1.0,1.0,1.0,,,,,1.0,1.0,,,,,,,1.0,,,1.0,1.0,,,1.0,1.0,1.0,1.0,,1.0,1.0,1.0,1.0,1.0,,,1.0,1.0,,,1.0,,,,1.0,,,,,,,1.0,1.0,1.0,,,,,,,,1.0,,,,,,,1.0,1.0,,,1.0,,1.0,,1.0,,,1.0,,,,,,1.0,,,,1.0,,,1.0,,,,,1.0,,,1.0,,,,,,,,,1.0,,,,,,,,1.0,1.0,,,1.0,,1.0,1.0,,,,,,1.0,,,1.0,,1.0,,1.0,,,1.0,,1.0,1.0,,1.0,,,,1.0,,,1.0,,,,1.0,,1.0,,,1.0,,,,,1.0,,,1.0,,1.0,,1.0,1.0,,,1.0,,,,,,1.0,,1.0,,,,1.0,,1.0,1.0,,,,,,1.0,1.0,,,,,1.0,,1.0,,,,,,,,,,,,1.0,1.0,,1.0,1.0,,,1.0,1.0,,,,,,,1.0,,,,,,,,,,1.0,,,,1.0,,,,,1.0,,,1.0,,,,,1.0,,,,,,,1.0,,1.0,1.0,,,,1.0,1.0,1.0,,1.0,1.0,1.0,1.0,1.0
inf,0.7209562284279887,1.0,,0.0,1.0147058823529413,inf,,,,,,0.3913043478260871,,,1.4705882352941173,,,,0.0,,1.311572700296736,,,,inf,inf,,0.9197324414715728,1.135593220338983,inf,,,,inf,inf,1.0,0.1140939597315436,inf,,,inf,,inf,inf,,,,0.9423076923076922,,,inf,inf,,,0.0,0.5280898876404494,,,1.0142857142857142,0.980349344978166,,1.257387988560534,,1.430188679245283,,inf,,,inf,inf,,2.2205882352941178,0.6261904761904761,,inf,2.2911392405063293,,1.046189376443418,,1.0352941176470587,1.4467353951890034,1.0,,,1.059074729204372,1.0294843917001437,3.543126684636119,inf,0.9406779661016949,1.0948275862068966,,,,,,,0.8955223880597015,1.1146161934805467,1.0,,inf,,1.1142857142857143,,,,,inf,0.0,,,1.5061728395061729,inf,3.7499999999999996,,inf,inf,inf,inf,,1.7272727272727273,5.530612244897958,2.5432098765432096,,,,0.0,0.0,,0.0,0.0,,,4.428571428571425,inf,1.706422018348624,1.1486658195679798,0.0,inf,,0.0,,,,1.0234248788368336,1.1187739463601531,,,,inf,0.0,,1.1919291338582678,inf,1.8261802575107293,,,,,,,0.2542372881355931,,,,,,0.9724770642201834,inf,inf,,,,0.7424242424242424,1.0197834501004361,1.2433371958285053,inf,,,,4.842134683677498,1.0001165850377094,,,,,inf,,0.9411764705882354,,,1.7551020408163267,0.0,,,0.885105786745131,1.0146198830409356,1.4017857142857142,0.7499999999999999,inf,0.9497964721845319,1.0743639921722115,0.4444444444444445,0.0,0.0,,inf,1.1027027027027028,1.072289156626506,inf,,1.363636363636364,,,,5.999999999999999,,,inf,,inf,,2.750415973377702,1.0079575596816976,0.0,,inf,,,,,,0.8907563025210085,,inf,,,,inf,0.967032967032967,0.7626459143968872,,,1.2644415917843388,1.0,0.0,,0.9726027397260274,,inf,0.9998154300479882,inf,,,,,0.982563272513243,,,,1.0451227604512277,,inf,1.1927710843373496,,,,,1.2096000000000002,,,4.444444444444442,inf,,,inf,inf,,,,1.1224489795918369,,,inf,,,,1.0,5.857142857142857,0.0,inf,,6.999999999999994,inf,0.9118683901292597,0.8527180066455704,,,inf,,,1.1923076923076923,,,1.1789473684210527,inf,1.0,,0.5524475524475524,,,0.9254807692307693,,0.746177370030581,0.0,inf,0.0,1.0,,,4.555555555555555,,,0.3217391304347826,,,,0.918918918918919,,1.028169014084507,,,1.5797101449275366,inf,,,inf,0.0,inf,,0.7669421487603306,1.0,0.9256198347107439,,6.124999999999996,2.08955223880597,,inf,1.0,,inf,,inf,,1.027777777777778,inf,1.0142118863049094,,inf,,1.0000032223574897,,0.0,1.2228443449048152,,,inf,,,0.5460526315789472,0.7037037037037037,,inf,,,1.120783460282916,,0.8474576271186441,,,inf,,,inf,,,,,inf,0.8395061728395062,3.3076923076923075,,1.0541632983023446,1.4589041095890412,,inf,0.0,0.9667156142927067,,,,,,inf,2.046931407942239,,,,,,,,,,0.7422680412371134,,,,0.8065573770491803,inf,,inf,inf,1.0480769230769231,,,2.3375,,inf,,inf,0.850187265917603,inf,,,,,1.0,0.8730158730158731,,0.9221183800623053,1.0264900662251657,inf,,,2.44,1.7169811320754718,11.499999999999998,,0.0,0.0,1.1458333333333333,1.653846153846154,0.0
inf,1.2881955339399644,1.0,1.0,0.673076923076923,1.0294117647058825,inf,,,,,,0.0,,,2.8823529411764706,,,,1.5,,0.2908011869436201,,,,inf,inf,1.0,0.5551839464882959,1.1525423728813557,inf,,,,inf,inf,0.30255006483215663,0.5302013422818791,inf,,1.0,inf,,inf,inf,,,,0.4807692307692307,,,inf,inf,,1.0,0.6296296296296297,0.5786516853932583,1.0,,1.4928571428571429,1.037117903930131,,1.3136320305052431,,1.8075471698113208,1.0,inf,,,inf,inf,,2.507352941176471,0.576190476190476,,inf,2.430379746835443,,1.0300230946882216,,1.2941176470588236,1.6323024054982818,1.0,,,1.0131283251406604,0.44963697342719194,1.0754716981132075,inf,0.5932203389830509,1.370689655172414,,,,,,,1.2985074626865671,0.7922187171398528,1.0,,inf,,1.485714285714286,,,,,inf,13.749999999999988,,1.0,0.8641975308641976,inf,1.7499999999999998,,inf,inf,inf,,,1.6363636363636362,4.755102040816326,3.1358024691358026,,,,1.9279279279279284,1.1751824817518248,,1.2413793103448274,1.2962962962962963,,,8.642857142857135,inf,1.0,1.144853875476493,2.8813096862210106,inf,1.0,0.37949836423118866,,,,1.0080775444264944,0.7049808429118773,,,,inf,0.9523809523809513,,1.1525590551181102,inf,1.2167381974248925,,1.0,,,,,0.0,,1.0,,,,1.0,inf,inf,,,,0.3333333333333333,1.02505511733869,1.148319814600232,inf,,inf,,5.723716515410587,1.0001748775565642,,,,,inf,,0.7873303167420815,,,2.2448979591836737,0.0,,,0.7562000840689365,0.11549707602339175,1.1785714285714286,1.6162790697674414,inf,1.4341515562682454,1.4031311154598824,2.752136752136752,1.737704918032787,3.4999999999999973,,inf,1.0194594594594595,1.3253012048192772,inf,,0.9797979797979797,,,,27.999999999999975,,,inf,,inf,,0.0,0.9416445623342177,1.4420000000000002,,inf,,,,,,1.1134453781512605,,inf,1.0,,,inf,0.8864468864468864,1.124513618677043,1.0,,1.1322207958921693,0.9131614654002714,1.125,,1.1187214611872147,,inf,0.0,inf,,,,,0.9671130076515597,,,,1.0935633709356336,,inf,0.9558232931726908,,1.0,1.0,,0.0,,,5.444444444444439,inf,1.0,inf,inf,inf,,,,0.9081632653061226,,,inf,,,,1.0262172284644195,8.571428571428571,0.3333333333333321,inf,,10.285714285714276,inf,0.7062279670975322,0.8067888804140418,,1.0,inf,,,2.3076923076923075,,,0.0,inf,1.3352941176470592,,1.0559440559440558,,,0.27403846153846156,,1.0489296636085628,0.5603448275862067,inf,1.921833897031192,0.0,,,4.777777777777779,,,1.2347826086956522,,,,0.8108108108108107,,0.6830985915492958,,,2.2894409937888205,inf,,,inf,18.49999999999999,inf,,0.8528925619834711,0.0,0.0,,23.99999999999998,1.208955223880597,,inf,0.9577476906711718,,inf,,inf,,1.0,inf,0.937984496124031,,inf,,1.0000025778859916,,1.5714285714285714,1.496080627099664,,,inf,,,1.1710526315789473,0.0,,inf,,,0.8084874863982587,,0.6271186440677966,,,inf,,,inf,,,,,inf,0.9259259259259259,5.923076923076923,,0.7502021018593372,1.702054794520548,,inf,7.857142857142859,1.0097895252080273,,,,,,inf,2.2599277978339356,,,,,,,,,,0.0,,,,1.1672131147540983,inf,,inf,inf,1.4596153846153845,,,4.0875,,inf,,inf,1.044943820224719,inf,,,,1.0,0.20121951219512196,0.634920634920635,,0.8753894080996883,1.0794701986754967,inf,,,3.2,1.1320754716981132,10.0,,0.8041430498300783,71.50000000000003,1.1979166666666667,1.1153846153846154,1.6585365853658534
inf,0.2635053864658509,1.0,2.6349263955360995,0.6249999999999999,0.3529411764705883,inf,,,,,,0.49275362318840565,,,3.647058823529411,,,,23.999999999999986,inf,1.2344213649851632,,,,inf,inf,1.0,0.9598662207357902,0.5254237288135593,inf,,,,inf,inf,0.0,0.8624161073825505,inf,,0.06536585365853657,inf,,inf,inf,,1.0,,0.42307692307692296,,,inf,inf,,1.8205128205128205,0.4567901234567901,0.0,1.0,,1.2357142857142855,0.962882096069869,,1.102001906577693,,1.7396226415094336,1.0,inf,,,inf,inf,,2.610294117647059,0.557142857142857,,inf,1.7341772151898738,,1.046189376443418,1.0,1.5529411764705883,1.804123711340206,0.9215146465744162,1.0,,1.065641625703303,0.4828069140898536,1.1212938005390836,inf,0.728813559322034,1.017241379310345,,,,,,,1.164179104477612,1.0164037854889585,1.0,,inf,,1.5571428571428572,,,,,inf,25.74999999999997,,0.0,0.802469135802469,inf,2.125,,inf,inf,inf,,,2.0000000000000004,2.4285714285714284,3.3827160493827164,,,,1.8108108108108114,1.1678832116788322,,2.965517241379311,1.8148148148148149,,,3.714285714285711,inf,0.8623853211009176,0.0,3.747612551159619,inf,1.0,3.5950563431479465,,,,1.008885298869144,1.0919540229885056,,,,inf,0.6666666666666653,,0.9655511811023622,inf,1.965665236051502,,1.0551470588235294,,,,,1.0338983050847457,,0.39588100686498856,,,1.0,1.128440366972477,inf,inf,,,,0.5606060606060607,0.9705844887560627,0.7867902665121669,inf,,inf,,5.973716515410586,1.0002331700754188,,,,1.0,inf,,1.3529411764705885,,,1.7959183673469388,0.44105005406624054,,,0.8584839568446124,0.0,0.0,0.7906976744186047,inf,1.0698573249455205,0.9510763209393347,1.982905982905983,2.2622950819672134,10.874999999999991,,inf,1.3113513513513513,0.674698795180723,inf,,0.6767676767676769,,,,55.99999999999997,,,inf,,inf,,3.8752079866888494,0.9628647214854112,2.914285714285715,,inf,,,,,,1.0588235294117647,,inf,2.463113114754099,,,inf,0.9120879120879122,1.2256809338521402,1.5833333333333335,,1.086007702182285,0.40976933514246944,0.3541666666666665,,0.39726027397260266,,inf,0.9944629014396457,inf,,,,,0.9687316068275457,,,,1.154611811546118,,inf,0.7710843373493976,,0.9970370370370372,3.0,,1.2216,,,7.111111111111106,inf,0.8941176470588236,inf,inf,inf,,,,1.0408163265306123,,,inf,,,,1.0486891385767791,6.357142857142857,1.0,inf,,18.85714285714284,inf,1.1527614571092832,0.7545322104307481,,1.0000019061896361,inf,,,1.2692307692307694,,,0.7210526315789473,inf,1.4647058823529415,,0.6643356643356643,,,0.6057692307692307,,0.9051987767584097,1.1120689655172413,inf,3.370537391957911,1.2222222222222223,,,1.8888888888888888,,,1.4869565217391303,,,1.0,0.6216216216216214,,0.27464788732394363,,,0.0,inf,,,inf,26.49999999999998,inf,,1.2694214876033059,2.328671328671329,0.4545454545454546,,5.249999999999996,0.746268656716418,,inf,0.0,,inf,,inf,,1.6111111111111114,inf,0.9702842377260982,,inf,,1.0000064447149792,,2.1428571428571432,1.5811870100783876,,,inf,,,0.9934210526315788,1.0123456790123457,,inf,,,0.7159956474428726,,0.576271186440678,,,inf,,,inf,,,,,inf,0.9012345679012346,4.999999999999999,,1.5400161681487472,1.6849315068493151,,inf,15.142857142857146,1.038668624571708,,,,,,inf,2.6245487364620943,,,,,,,,,,0.6460481099656358,,,,1.2327868852459016,inf,,inf,inf,1.1,1.0,,5.5875,1.0,inf,,inf,1.1610486891385767,inf,,,,1.3289473684210527,0.5670731707317074,0.8174603174603174,,1.0638629283489096,0.6821192052980133,inf,,,3.5399999999999996,1.207547169811321,4.388888888888888,,1.0503162380089353,73.00000000000004,1.2395833333333333,1.294871794871795,2.170731707317073
inf,0.9359572743436879,1.0529423459244533,0.06351078549232206,1.096153846153846,1.161764705882353,inf,,1.0,,,,0.7536231884057972,,,0.0,,,,26.499999999999986,inf,0.12166172106824924,1.0,,,inf,inf,0.8943089430894309,0.0,0.576271186440678,inf,,,inf,inf,inf,0.9603803486529318,0.7953020134228189,inf,,0.0,inf,,inf,inf,1.0,0.6938202247191012,,0.9423076923076922,,,inf,inf,,2.666666666666666,0.8641975308641976,0.0,1.0,1.0,1.135714285714286,0.9082969432314411,,1.2788369876072452,,1.4339622641509433,1.0,inf,,,inf,inf,,2.294117647058824,0.957142857142857,,inf,2.5063291139240507,,0.0,0.7878787878787878,0.8941176470588235,2.0412371134020617,0.9335893163321983,3.592592592592592,,0.6192840387780432,0.0,2.6873315363881405,inf,1.2203389830508475,1.387931034482759,,,,,,,0.20895522388059704,1.0164037854889585,0.04378583076635599,,inf,,1.407142857142857,,,,,inf,34.74999999999997,,0.9368421052631579,0.6296296296296297,inf,0.6249999999999997,,inf,inf,inf,,,2.0909090909090904,0.714285714285714,1.7530864197530862,,,,2.1261261261261266,1.2992700729927005,,3.8965517241379315,1.8148148148148149,,,7.8571428571428505,inf,1.0,1.1105463786531131,4.301500682128242,inf,0.9904534606205251,1.5470737913486003,,,inf,0.9854604200323103,0.0,,,,inf,2.714285714285714,,1.1377952755905512,inf,1.407725321888412,,1.272058823529412,,,,,1.3446327683615817,,0.0,,,0.0,1.0642201834862386,inf,inf,,,1.0,0.8787878787878788,0.9336828180882856,0.29895712630359217,inf,,inf,1.0,6.105298347143675,1.0002331700754188,,,,0.0,inf,,1.1176470588235292,,,1.8775510204081631,0.11957511032435575,,,0.8935126803979262,0.8786549707602339,1.0669642857142858,1.0465116279069768,inf,1.5098063401998274,0.3835616438356164,3.8205128205128203,1.5409836065573774,13.99999999999999,,inf,1.0659459459459462,1.5301204819277108,inf,1.0,1.1616161616161618,,,,101.99999999999993,,,inf,,inf,,2.262895174708817,0.9840848806366049,3.0857142857142863,,inf,,,,,,0.9201680672268908,,inf,0.0,,,inf,0.9633699633699634,1.256809338521401,1.5833333333333335,,1.134788189987163,1.8113975576662147,2.5833333333333335,,0.8082191780821918,,inf,1.0062753783684015,inf,,,,,1.009417304296645,,,,1.243530192435302,,inf,0.815261044176707,,1.06,2.8333333333333335,,0.6928000000000001,,,6.444444444444439,inf,0.44705882352941173,inf,inf,inf,,,,1.5918367346938778,,,inf,,,,1.056179775280899,5.357142857142857,0.8333333333333331,inf,,22.14285714285712,inf,0.900117508813161,0.45204394838730116,,1.000000476547409,inf,,,1.2884615384615385,,,0.6684210526315789,inf,1.5176470588235296,,0.6223776223776225,,,0.0,,1.0336391437308867,1.4913793103448274,inf,1.9906050357008649,1.8055555555555556,,,0.0,,,0.9652173913043479,,,0.0,0.10810810810810817,,0.0,,,0.9051759834368531,inf,,,inf,28.49999999999998,inf,,0.6628099173553719,2.806993006993007,1.0826446280991737,,0.125,0.0,,inf,0.09389445526433114,,inf,,inf,,1.4444444444444446,inf,1.0400516795865633,,inf,,1.0000167562589461,,3.2857142857142865,2.1724524076147813,,,inf,inf,,0.5723684210526315,1.5185185185185186,,inf,,,0.6191512513601739,,0.6101694915254238,,,inf,,,inf,,,,,inf,0.904320987654321,4.769230769230768,,1.2166531932093776,1.654109589041096,,inf,14.571428571428573,1.0528634361233478,,,,,,inf,2.653429602888087,,,,,,,,,,0.7731958762886597,,,,1.0032786885245901,inf,,inf,inf,1.2865384615384614,0.8573883161512027,,0.0,0.704225352112676,inf,1.0,inf,1.1198501872659177,inf,inf,,,0.6907894736842106,0.0,0.34126984126984133,,0.806853582554517,1.0264900662251657,inf,,,0.0,0.0,0.3888888888888888,,0.9029999930548611,77.75000000000004,1.1666666666666665,0.9807692307692307,2.341463414634146
inf,0.6157371090890075,1.2485089463220678,0.11112119218817348,0.9423076923076923,1.397058823529412,inf,,1.064516129032258,,,,1.2318840579710142,,,5.999999999999999,,,,22.499999999999982,inf,0.4421364985163205,1.3625957275292224,,,inf,inf,0.8943089430894309,3.066889632107039,0.38983050847457623,inf,,,inf,inf,inf,0.9840080680017289,0.0,inf,,1.231219512195122,inf,,inf,inf,0.9569429494079654,0.0,,0.8846153846153846,,,inf,inf,,3.4358974358974352,0.8395061728395061,0.898876404494382,0.0,0.0,0.992857142857143,0.9192139737991265,,1.3455672068636797,,0.988679245283019,0.0,inf,,,inf,inf,,2.3161764705882355,1.1904761904761905,,inf,2.7088607594936716,,0.5427251732101617,1.0909090909090908,0.35294117647058826,2.1030927835051547,0.9649834577024318,4.499999999999999,,1.0733403686429324,0.984041572992297,0.0,inf,0.7118644067796611,1.620689655172414,,,1.0,,,,0.4626865671641791,0.6940063091482646,0.0,,inf,,1.407142857142857,,,,,inf,25.74999999999997,,0.8400000000000001,0.7901234567901234,inf,1.4999999999999996,,inf,inf,inf,,,2.0909090909090904,4.122448979591836,1.3333333333333335,,,,2.153153153153154,1.4233576642335763,,5.827586206896553,3.0370370370370368,,,8.214285714285706,inf,1.0275229357798168,1.0813214739517154,3.8472032742155537,inf,0.6658711217183771,1.6753907669938204,,,inf,0.9620355411954767,0.4444444444444444,,,,inf,4.333333333333333,,1.0098425196850396,inf,1.987124463519313,,1.4264705882352942,,,,inf,1.6384180790960452,,0.897025171624714,,,1.1995560936238903,0.4220183486238533,inf,inf,,,0.898148148148148,0.36363636363636365,0.7562098868257313,0.6234067207415992,inf,,inf,1.013986013986014,0.0,0.0,,,,4.4628975265017665,inf,,1.253393665158371,,,1.7959183673469388,0.3450250708706126,,,0.9299425528933726,1.222222222222222,1.03125,1.2209302325581393,inf,0.5106697915381768,0.1761252446183953,0.4444444444444445,1.7213114754098364,20.624999999999982,,inf,1.2897297297297299,1.614457831325301,inf,1.0,0.24242424242424246,,,,10.0,,,inf,,inf,1.0,4.668885191347751,1.0583554376657827,3.714285714285715,,inf,,,,,,0.7983193277310925,,inf,11.348360655737705,,,inf,0.9230769230769231,1.178988326848249,0.0,,1.1784338896020539,0.18724559023066487,3.1041666666666665,,1.6712328767123288,,inf,0.9929863418235512,inf,,,,,0.9584314302530901,,,,1.2488387524883875,,inf,0.7831325301204819,,0.9644444444444444,0.0,,0.9568000000000001,,,7.333333333333328,inf,0.29411764705882354,inf,inf,inf,,,1.0,1.7755102040816326,,,inf,,,,1.104868913857678,5.714285714285714,2.2500000000000027,inf,,26.285714285714263,inf,0.0,0.4140351386517252,,0.9999868071612033,inf,,,1.5192307692307694,,,0.768421052631579,inf,1.8176470588235294,,0.0,,,0.30288461538461536,,1.2446483180428134,1.6896551724137927,inf,4.442314919203308,2.722222222222222,,1.0,1.1111111111111114,,,0.9565217391304347,,,5.718750000000001,0.9459459459459458,,0.6619718309859155,,,2.395859213250518,inf,,,inf,30.99999999999998,inf,,0.3933884297520661,2.865734265734266,1.847107438016529,,0.0,0.3582089552238806,,inf,0.26760447708660867,,inf,,inf,,1.0,inf,1.0219638242894058,,inf,,1.0000109560154649,,3.2857142857142865,1.5968645016797316,,,inf,inf,,0.8684210526315789,1.7407407407407414,,inf,,1.0,0.18389553862894448,1.0,0.7796610169491526,1.0,,inf,,,inf,,,,,inf,0.9567901234567902,2.7692307692307687,,1.2554567502021021,1.8869863013698631,,inf,12.285714285714286,1.054331864904552,,,,,,inf,3.3285198555956685,,,,,,,,,,0.6597938144329896,,,,0.0,inf,,inf,inf,1.9673076923076924,1.013745704467354,,0.1999999999999999,0.4507042253521127,inf,0.9271343121261555,inf,0.9737827715355805,inf,inf,,,0.0,0.8701219512195121,1.1428571428571428,,1.1838006230529594,0.9933774834437087,inf,inf,,5.359999999999999,1.7641509433962266,0.9444444444444443,,1.1549883620471748,78.25000000000004,1.2291666666666667,1.185897435897436,2.8536585365853653
inf,0.6477617404037235,1.2803180914512924,0.0,1.423076923076923,0.0,inf,,1.1052631578947367,,,,2.202898550724638,,,9.470588235294116,,,,47.499999999999964,inf,0.5341246290801186,0.7416364369205964,,,inf,inf,0.910569105691057,5.698996655518426,0.6610169491525423,inf,,,inf,inf,inf,0.989770926379484,0.25838926174496646,inf,,1.064390243902439,inf,,inf,inf,0.7804090419806242,0.7443820224719101,,1.0192307692307692,,,inf,inf,,9.74358974358974,0.7901234567901234,0.955056179775281,0.9940002121429329,0.9735099337748344,1.3142857142857143,0.836244541484716,,2.1339370829361295,,1.441509433962264,0.4504182452606791,inf,,,inf,inf,,2.213235294117647,0.9642857142857141,,inf,2.9873417721518996,,0.7865127020785219,1.1818181818181817,0.5764705882352942,2.309278350515464,0.9589461228235407,1.0925925925925923,,0.0,0.9029594958169018,7.960916442048518,inf,0.7372881355932204,1.4396551724137931,,,0.8131868131868132,,,1.0,0.6865671641791045,0.0,0.8979453680539206,,inf,,1.5142857142857145,,,,,inf,34.49999999999997,,0.6989473684210527,0.0,inf,0.0,,inf,inf,inf,,,1.0909090909090908,3.4693877551020402,0.0,,,,2.1441441441441444,1.2481751824817517,,6.965517241379312,3.2962962962962963,,,0.0,inf,0.02752293577981658,0.6378653113087676,3.844474761255117,inf,0.8496420047732697,2.5645219920029083,,,inf,0.9838449111470114,0.4444444444444444,,,,inf,5.047619047619047,,2.3681102362204727,inf,1.8798283261802573,,1.4154411764705883,,,,inf,1.9096045197740112,,0.8398169336384439,1.0,,1.2575665859564165,0.3119266055045872,inf,inf,inf,,1.1296296296296295,0.0,0.8891676057028073,0.5515643105446119,inf,,inf,0.9895104895104896,6.061543688894737,0.11202423103423755,,,,19.568904593639576,inf,1.0,1.3031674208144797,,1.0,1.836734693877551,0.4869750460293669,,,0.9915931063472045,0.8391812865497075,0.8258928571428572,1.703488372093023,inf,0.0,0.4207436399217221,1.982905982905983,0.4262295081967214,27.874999999999975,,inf,1.371891891891892,1.2048192771084336,inf,0.9899497487437185,3.4343434343434356,,,inf,135.9999999999999,,,inf,,inf,1.0,7.71464226289517,1.1883289124668437,4.771428571428571,,inf,,,,,1.0,0.0,,inf,11.704918032786885,,,inf,0.5970695970695972,1.2023346303501947,0.25,,0.9216944801026956,0.16485753052917235,0.6458333333333329,,1.1506849315068493,,inf,1.0166112956810631,inf,,,,1.0,1.02273396115362,,,1.0,1.2727272727272727,1.0,inf,0.8955823293172691,,1.1800000000000002,5.166666666666666,,1.0312000000000001,,,5.999999999999995,inf,0.17647058823529402,inf,inf,inf,,,0.8774193548387096,2.0408163265306127,,,inf,,,,0.7865168539325843,6.928571428571427,3.416666666666669,inf,,0.0,inf,1.082256169212691,0.0,,0.0,inf,,,0.5384615384615385,,,0.7842105263157895,inf,2.058823529411765,,0.7272727272727272,,,0.625,,1.2171253822629968,1.6465517241379308,inf,6.158586997369411,3.083333333333333,,0.760431654676259,1.0,,,0.8869565217391304,,,3.7812500000000004,0.4054054054054051,,0.6338028169014084,,,0.9879917184265012,inf,,,inf,30.99999999999998,inf,,0.35206611570247937,2.9174825174825174,1.1983471074380168,,7.124999999999995,1.0895522388059702,,inf,0.23004513065990884,,inf,,inf,,1.25,inf,1.0568475452196382,,inf,,0.0,,3.1428571428571432,0.40537513997760366,,,inf,inf,,0.0,2.6543209876543212,,inf,,0.0,0.32100108813928174,1.5652173913043483,0.5423728813559322,1.0,1.0,inf,,1.0,inf,,,1.0,,inf,1.0987654320987654,1.2307692307692306,,1.4971705739692807,1.4794520547945207,,inf,17.714285714285722,1.1086637298091042,,,,,,inf,3.7148014440433217,,,,,,,,,,0.9106529209621993,,,,0.9344262295081968,inf,,inf,inf,0.6826923076923078,0.986254295532646,,0.5749999999999998,0.0,inf,0.6916802610114192,inf,1.0337078651685392,inf,inf,,1.0,0.6776315789473685,0.8949999999999999,0.34126984126984133,,1.5171339563862927,0.9470198675496688,inf,inf,,7.239999999999999,2.0377358490566038,0.0,,0.9805775157432565,85.75000000000004,0.9791666666666666,0.8653846153846153,3.6341463414634143
inf,0.6294647526409372,1.186878727634195,0.25397509469911766,0.7980769230769229,1.3235294117647058,inf,,1.0254668930390494,1.0,,,2.681159420289856,,,8.46470588235294,,,,42.999999999999964,inf,0.629080118694362,0.0,,,inf,inf,0.959349593495935,9.040133779264268,0.7966101694915253,inf,,,inf,inf,inf,0.9906353551361474,0.3892617449664429,inf,1.0,0.8448780487804879,inf,,inf,inf,0.4779332615715823,1.5337078651685394,,1.0192307692307692,,,inf,inf,1.0,9.948717948717945,0.271604938271605,1.0674157303370786,0.9868574238776514,1.0198675496688743,1.3071428571428572,0.8275109170305677,,1.5281220209723545,,1.7471698113207546,0.25760935397209134,inf,,,inf,inf,,2.0588235294117645,0.7928571428571427,,inf,2.354430379746836,,1.0502540415704387,0.0,0.15294117647058822,1.5257731958762888,0.9637759907266537,1.4999999999999998,,0.9864014391400152,0.8366196144915784,1.1536388140161726,inf,0.7966101694915255,1.5258620689655173,,,1.142857142857143,,,0.6351351351351352,1.1940298507462688,0.1682439537329124,0.9178173674921476,,inf,,1.1714285714285715,,,,,inf,31.99999999999997,,0.8168421052631579,0.5432098765432098,inf,4.999999999999999,,inf,inf,inf,inf,,0.8181818181818181,3.673469387755102,1.0740740740740742,,,,2.495495495495496,1.4087591240875914,,5.000000000000002,4.518518518518518,,,7.714285714285708,inf,0.0,0.9247141041931385,3.8867667121418834,inf,0.5966587112171838,2.3380588876772084,,,inf,1.0008077544426497,1.0957854406130267,,,1.0,inf,4.666666666666668,,0.7145669291338583,inf,0.7682403433476394,,1.3750000000000002,,,,inf,4.649717514124294,,0.8581235697940502,1.0,1.0,1.2443502824858756,0.6513761467889909,inf,inf,inf,,1.5740740740740737,0.1212121212121212,0.6452501102346774,0.4913093858632678,inf,,inf,0.9825174825174826,6.227048533473632,12.887803223109952,1.0,,,19.68560070671378,inf,0.0,1.1266968325791855,,1.127659574468085,1.836734693877551,0.5370750372618686,,1.0,0.8809023399187332,0.8157894736842106,1.1026785714285714,0.0,inf,0.10032482217014095,0.5244618395303327,0.0,1.0983606557377048,60.12499999999995,,inf,1.2389189189189191,0.0,inf,0.49748743718592964,0.0,,,inf,207.99999999999983,inf,,inf,,inf,1.0,6.580698835274539,1.0716180371352788,5.514285714285714,,inf,,,,,0.22558823529411764,0.5294117647058824,,inf,11.368852459016393,,,inf,0.5915750915750916,1.0038910505836578,0.7916666666666667,,0.7573812580231065,0.20895522388059704,4.770833333333333,,0.0,,inf,0.9996308600959765,inf,,,,1.1076923076923078,1.0141259564449676,,,1.3116883116883118,1.055076310550763,1.0114942528735633,inf,0.9116465863453815,,1.0377777777777777,7.333333333333333,inf,1.0704,,,4.777777777777775,inf,0.07058823529411758,inf,inf,inf,,,0.8709677419354839,0.3061224489795919,,,inf,,,,0.0,8.07142857142857,4.66666666666667,inf,,34.4285714285714,inf,0.8413631022326674,0.10491780131380658,,0.889059537450544,inf,,,1.2115384615384615,,,0.694736842105263,inf,2.394117647058824,,0.7062937062937065,inf,,0.8052884615384615,,1.0428134556574924,2.2758620689655173,inf,4.877865464111237,3.083333333333333,,0.3129496402877698,2.3333333333333335,,,0.2869565217391304,,,3.3125000000000004,0.2432432432432434,,0.7676056338028168,,1.0,1.6091097308488616,inf,,1.0,inf,50.99999999999996,inf,,0.0,3.072727272727273,1.1776859504132233,,13.24999999999999,0.6567164179104477,,inf,0.5774651743044638,,inf,,inf,,0.5833333333333335,inf,0.9121447028423773,,inf,,0.38165847006333226,,1.8571428571428574,0.1791713325867862,,1.0,inf,inf,1.0,1.1052631578947367,1.1975308641975313,,inf,,1.1977528089887641,0.457018498367791,1.021739130434783,0.16949152542372878,1.0,0.4714286168026604,inf,,0.904639175257732,inf,,,1.1789473684210525,,inf,1.2530864197530867,0.5384615384615384,,1.3613581244947455,1.4554794520547947,,inf,17.14285714285715,0.986784140969163,,,,,1.0,inf,2.5776173285198563,,1.0,,,,,,1.0,1.0,1.1855670103092784,,,,0.8557377049180327,inf,,inf,inf,1.3326923076923076,0.4845360824742268,,1.2125,0.4507042253521127,inf,0.8477433387710712,inf,1.1273408239700373,inf,inf,,1.0,4.947368421052632,0.9735975609756098,0.8095238095238095,,2.514018691588785,1.2185430463576157,inf,inf,,7.559999999999999,2.19811320754717,0.8888888888888887,,1.3378483734081297,76.25000000000003,0.9062499999999999,0.6666666666666667,4.609756097560975
inf,0.5726388453090681,0.0,0.11112119218817348,1.048076923076923,1.3088235294117647,inf,,1.1188455008488964,1.2600671140939592,,,3.5507246376811596,,,8.435294117647056,,1.0,,17.999999999999986,inf,0.6795252225519288,0.32245062474808556,,,inf,inf,0.16260162601626016,14.371237458194067,0.6779661016949152,inf,,,inf,inf,inf,0.9978389281083416,0.5973154362416107,inf,0.6637931034482761,0.7560975609756098,inf,,inf,inf,1.0893433799784715,1.5702247191011234,,0.673076923076923,,,inf,inf,0.0,0.0,0.49382716049382713,1.1404494382022472,0.9505713394897641,1.1258278145695364,1.6214285714285714,0.5262008733624454,,1.5424213536701619,,1.1283018867924526,0.9438272803289744,inf,,,inf,inf,,1.5735294117647058,0.388095238095238,,inf,3.620253164556963,,1.0629099307159353,1.0303030303030303,0.38823529411764696,1.6563573883161513,0.9686058586297666,2.555555555555555,1.0,1.1181767976947514,2.531972137249843,1.6051212938005393,inf,0.18644067796610173,1.5948275862068968,,,1.3186813186813187,,1.0,0.5540540540540541,1.567164179104478,0.504731861198738,0.9371612618057107,,inf,,1.2785714285714287,,1.0,,,inf,54.49999999999996,1.0,0.4863157894736842,0.6790123456790123,inf,5.749999999999998,,inf,inf,inf,inf,,0.36363636363636365,5.775510204081632,1.5185185185185184,,,,2.9099099099099104,1.218978102189781,,4.8965517241379315,4.370370370370371,,,12.642857142857132,inf,0.3394495412844037,1.0364993646759848,3.8212824010914064,inf,0.8711217183770883,2.6037804434751006,,,inf,1.2108239095315025,0.475095785440613,,,0.0,inf,4.809523809523809,,0.0,inf,0.8412017167381973,,0.8786764705882353,,inf,,inf,1.8248587570621468,,0.9405034324942791,0.0,2.4285714285714257,1.2636198547215496,0.9541284403669725,inf,inf,inf,,2.064814814814815,0.6212121212121213,1.116642986624859,0.33256083429895716,inf,,inf,0.9090909090909092,6.291715989302471,0.14771382570303696,0.3391304347826086,,,19.86472320376914,inf,1.8482552121783324,1.1221719457013575,,1.2340425531914894,1.346938775510204,0.5454250358006187,,1.0,0.7449908925318761,0.8406432748538011,1.4151785714285716,1.5348837209302322,inf,1.992516755067637,0.4481409001956947,0.20512820512820512,1.1147540983606559,37.249999999999964,,inf,1.5091891891891893,1.5903614457831323,inf,0.49748743718592964,0.8181818181818183,,1.0,inf,153.9999999999999,inf,,inf,,inf,0.0,3.025790349417636,1.0106100795755968,6.914285714285715,,inf,,,,,0.0,0.17226890756302518,1.0,inf,11.680327868852459,1.0,,inf,0.0787545787545787,1.1673151750972763,2.2916666666666665,,0.8549422336328625,0.3025780189959295,5.291666666666667,,1.1689497716894979,,inf,0.9475821336286453,inf,,,,0.0,0.9668187168922897,,,1.4285714285714286,1.3895155938951558,0.9616858237547892,inf,0.6666666666666669,,1.08,5.916666666666666,inf,1.1208,,,4.33333333333333,inf,0.023529411764705774,inf,inf,inf,,,0.8580645161290322,3.061224489795918,,,inf,,,,0.5168539325842697,6.285714285714285,5.916666666666672,inf,,35.71428571428568,inf,0.518213866039953,0.3748188831324443,,0.9974498543583333,inf,,,0.6346153846153845,,1.0,1.0947368421052632,inf,3.1882352941176473,,0.7762237762237763,inf,,0.8677884615384615,1.0,1.3241590214067278,2.913793103448276,inf,1.5016910935738446,3.972222222222222,,0.0,2.833333333333334,,inf,0.6434782608695652,inf,,2.53125,0.0,,0.7394366197183098,,0.7276595744680852,5.0045548654244305,inf,,1.0,inf,94.49999999999993,inf,,0.4743801652892562,3.33986013986014,1.2190082644628102,,22.874999999999982,0.8955223880597014,,inf,0.6760565032733415,,inf,,inf,,0.9722222222222223,inf,0.5878552971576229,1.0,inf,,0.602440613562645,,4.285714285714286,0.0,,0.6987951807228916,inf,inf,0.9540816442801602,0.5592105263157894,1.703703703703704,,inf,,1.4471910112359552,0.48422198041349285,0.0,0.0,0.9836947459236864,0.11904981212858474,inf,,0.44845360824742264,inf,,,0.9894736842105263,,inf,1.4290123456790123,0.0,,1.2797089733225548,0.928082191780822,,inf,38.42857142857143,1.0572687224669601,,1.0,,,0.9047619047619047,inf,2.3790613718411557,1.0,1.0043478260869565,,inf,,1.0,,0.2961672473867595,1.5423728813559319,1.2027491408934707,,,,1.0721311475409836,inf,,inf,inf,1.4903846153846154,0.0,,1.1875,0.5070422535211268,inf,0.9352909189777052,inf,1.1835205992509363,inf,inf,,0.8953488372093024,8.302631578947368,1.0058536585365854,0.5873015873015873,,0.0,1.6026490066225165,inf,inf,,7.839999999999999,2.4339622641509435,4.722222222222223,,1.4001931071597757,58.750000000000036,0.0,0.0,3.902439024390244
inf,0.4347087124777744,1.4194831013916502,1.5555605960940868,0.3076923076923076,1.4411764705882355,inf,,1.230899830220713,0.0,,1.0,6.043478260869566,,,18.164705882352937,inf,2.386792452830189,,84.49999999999993,inf,0.7922848664688427,0.9028617492946394,,1.0,inf,inf,0.0,28.16722408026773,0.20338983050847453,inf,,,inf,inf,inf,0.9842962109206166,0.5402684563758389,inf,0.0,1.0634146341463415,inf,,inf,inf,0.7782561894510225,1.5308988764044944,,0.0,,,inf,inf,7.142857142857158,5.333333333333332,0.3580246913580247,1.7415730337078652,0.996000141428622,1.3443708609271525,1.5285714285714287,0.7532751091703056,,1.571496663489037,,0.7924528301886791,0.9996461118306837,inf,1.0,,inf,inf,,0.0,0.6333333333333333,,inf,0.0,,1.0643233256351037,1.1818181818181817,0.09411764705882353,1.2714776632302405,0.966915404863677,1.2222222222222223,0.0,1.1116153690530217,0.2727306232263296,1.6118598382749327,inf,0.0,0.8189655172413793,,1.0,1.3516483516483517,,0.0,0.9639639639639641,1.0447761194029852,2.3133543638275498,0.9612578617562189,,inf,,1.5785714285714287,,0.0,,,inf,60.74999999999996,0.0,0.2063157894736842,0.6049382716049382,inf,9.999999999999998,,inf,inf,inf,inf,,0.09090909090909087,1.387755102040816,0.3580246913580247,,1.0,,4.945945945945946,2.167883211678832,,4.448275862068967,5.592592592592593,,,4.642857142857138,inf,0.46788990825688087,1.0409466327827193,3.9781718963165087,inf,0.0,3.919302071973827,,,inf,1.151857835218094,0.7126436781609196,,,1.8471177944862156,inf,9.61904761904762,,0.5206692913385828,inf,1.0257510729613732,inf,0.8750000000000001,,inf,inf,inf,1.096045197740113,,0.9922196796338671,0.641025641025641,8.714285714285705,1.2557506053268765,0.5963302752293579,inf,inf,inf,,2.324074074074074,0.5606060606060607,1.425123707804615,0.0,inf,1.0,inf,0.8041958041958042,6.291715989302471,0.4887448804595317,0.0,,,20.074964664310958,inf,1.940819717878561,1.1990950226244346,,1.0744680851063828,12.285714285714285,0.5844612789692762,,0.4149484536082474,0.913128765587782,0.9166666666666666,1.5669642857142858,1.5465116279069766,inf,1.6956539615969737,0.31702544031311153,0.4615384615384616,1.7868852459016393,76.99999999999993,,inf,1.2724324324324325,0.40963855421686757,inf,0.3768844221105528,1.2020202020202022,,0.0,inf,260.9999999999998,inf,,inf,,inf,2.5121951219512195,4.992512479201328,0.9628647214854112,7.771428571428573,,inf,,,,1.0,0.4117647058823531,1.5798319327731092,0.84,inf,12.004098360655737,1.4869565217391305,,inf,0.47069597069597074,1.2295719844357977,3.8333333333333335,,0.4197689345314505,0.20827679782903666,4.354166666666666,1.0,1.698630136986301,,inf,0.9516426725729051,inf,,,1.0,0.7384615384615385,0.9696880517951737,,,1.922077922077922,1.8447246184472461,0.9463601532567049,inf,0.0,,1.0903703703703704,9.000000000000002,inf,0.8024000000000001,,,11.555555555555546,inf,0.023529411764705774,inf,inf,inf,1.0,,0.9290322580645161,2.2448979591836737,1.0,,inf,1.0,,,0.8913857677902621,0.0,8.916666666666675,inf,,54.428571428571374,inf,0.5887191539365453,0.1733337907991312,,0.9972933787625141,inf,inf,1.0,1.076923076923077,inf,1.0,1.2526315789473683,inf,0.03529411764705886,,0.9300699300699301,inf,,0.8581730769230769,1.25,1.1009174311926604,4.1724137931034475,inf,5.782036828260053,4.166666666666667,,0.3057553956834532,2.7222222222222223,,inf,0.7565217391304347,inf,,1.1250000000000002,1.1081081081081077,1.0,0.7957746478873239,1.0,0.9319148936170213,10.925879917184266,inf,1.0,1.0,inf,89.99999999999994,inf,,0.5768595041322314,2.8111888111888113,1.4752066115702482,,44.37499999999996,2.059701492537313,1.0,inf,0.7887306317510226,,inf,,inf,,1.9166666666666665,inf,0.0,0.9047619047619047,inf,inf,0.915999713854655,,6.571428571428571,0.6427771556550953,,0.7409638554216867,inf,inf,0.0,0.7960526315789475,0.271604938271605,,inf,,1.4674157303370787,0.2850924918389553,0.5217391304347826,0.5254237288135594,0.0,0.0,inf,,0.10567010309278344,inf,,1.0,1.1789473684210525,,inf,1.2808641975308643,1.7692307692307694,,1.7413096200485045,1.3253424657534247,,inf,70.57142857142858,0.9202153695545766,,1.2666666666666668,,1.0,0.0,inf,2.870036101083033,1.0,1.0304347826086957,,inf,1.0,0.6137931034482759,,0.0,0.0,0.9415807560137456,,,,0.9672131147540984,inf,,inf,inf,1.648076923076923,0.7405498281786942,1.0,3.1000000000000005,0.11267605633802813,inf,0.39586731919521473,inf,0.9625468164794008,inf,inf,,0.7616279069767442,1.25,1.028780487804878,0.6746031746031748,,1.2897196261682244,1.1986754966887418,inf,inf,,12.92,2.943396226415094,4.777777777777777,,1.3885640376516968,83.75000000000006,0.8645833333333333,0.205128205128205,3.268292682926829
inf,0.0,1.389662027833002,1.9047565041849075,0.8846153846153846,1.7058823529411766,inf,,1.1171477079796266,5.302013422818791,inf,1.3766233766233766,6.028985507246378,,,14.705882352941174,inf,0.0,,121.4999999999999,inf,0.13056379821958455,1.2253123740427248,,0.0,inf,inf,0.35772357723577236,30.401337792642327,0.3389830508474576,inf,1.0,,inf,inf,inf,1.0073476444316378,0.8959731543624163,inf,2.93103448275862,0.7560975609756098,inf,,inf,inf,0.0,1.558988764044944,,0.09615384615384602,1.0,,inf,inf,12.142857142857167,7.948717948717945,0.1851851851851852,1.3539325842696632,0.9933142833265298,1.6092715231788077,1.7285714285714286,0.7554585152838428,,1.7578646329837941,1.0,1.2037735849056603,0.9994438900196458,inf,1.032714412024757,,inf,inf,1.0,1.7720588235294121,1.1285714285714286,,inf,3.9493670886075956,,1.065256351039261,1.3636363636363635,0.49411764705882355,0.0,0.9528604892656186,1.5185185185185182,2.3609467455621305,1.1176300119746072,1.0724947480927283,1.202156334231806,inf,0.4830508474576272,2.3362068965517246,,2.5,1.5934065934065935,,0.5196078431372549,1.1441441441441442,0.17910447761194032,2.4815983175604623,0.983093902429933,,inf,inf,1.3214285714285716,1.0,0.6428571428571429,,,inf,67.49999999999994,0.11824324324324327,0.8084210526315789,0.5555555555555556,inf,11.499999999999998,1.0,inf,inf,inf,inf,1.0,1.7272727272727273,0.0,3.654320987654321,,4.576923076923077,,6.540540540540541,2.1313868613138682,1.0,5.379310344827587,3.111111111111111,inf,,25.571428571428545,inf,0.8256880733944955,1.0167293519695044,4.010914051841747,inf,0.24582338902147974,2.0039985459832788,1.0,,inf,1.260096930533118,0.7241379310344828,,,1.0895989974937346,inf,14.04761904761905,1.0,0.9803149606299213,inf,0.0,inf,0.7463235294117646,1.0,inf,inf,inf,2.3502824858757063,,1.0668192219679633,1.6666666666666667,6.428571428571423,1.2568603712671509,0.7706422018348624,inf,inf,inf,,2.7499999999999996,1.515151515151515,0.0,0.5446118192352261,inf,0.4104602510460251,inf,0.041958041958042,6.2686987592616985,1.0002331700754188,0.5826086956521739,,inf,20.08386925795053,inf,1.9203341305514612,0.9502262443438916,1.0,0.1595744680851064,0.0,0.6488606426993876,inf,0.2603092783505154,0.829059829059829,0.9327485380116959,1.1250000000000002,1.5348837209302322,inf,0.3215328317092225,0.187866927592955,1.9658119658119657,0.2950819672131147,82.37499999999993,inf,inf,1.48,1.5662650602409638,inf,0.5577889447236181,1.666666666666667,,0.8224137931034482,inf,187.99999999999983,inf,inf,inf,,inf,2.487804878048781,5.022462562396004,0.960212201591512,9.542857142857143,,inf,,1.0,,1.1363636363636365,1.0197058823529415,1.680672268907563,1.1600000000000001,inf,12.065573770491804,2.0086956521739125,1.0,inf,0.0,1.2723735408560313,3.8333333333333335,,0.5032092426187419,0.16350067842605157,6.166666666666667,2.8888888888888893,1.4018264840182648,1.0,inf,0.8912882982650425,inf,,,0.8,0.4923076923076923,0.9796939376103592,1.0,,1.103896103896104,0.0,1.0459770114942528,inf,0.37911646586345393,1.0,1.0762962962962963,7.083333333333333,inf,1.1032000000000002,1.0,1.0,12.777777777777764,inf,0.15294117647058825,inf,inf,inf,0.9199999999999999,1.0,0.8903225806451612,2.6122448979591835,0.5,,inf,1.9200000000000004,,,0.9812734082397004,0.9285714285714286,10.333333333333343,inf,,65.85714285714279,inf,0.6004700352526439,0.44757507937471463,1.0,0.9994016821872724,inf,,1.0,1.1923076923076923,inf,1.0336842105263158,0.7631578947368421,inf,0.24117647058823533,,1.0,inf,1.0,1.0913461538461537,1.1306818181818181,0.5596330275229358,4.318965517241378,inf,5.901164975573094,4.25,1.0,0.133093525179856,1.0,,inf,0.3739130434782609,inf,,3.9375000000000004,1.0540540540540535,1.0710981802618909,0.8591549295774648,0.9054861488321565,1.1702127659574468,16.930020703933746,inf,0.0,2.1071428571428577,inf,110.4999999999999,inf,1.0,0.6,2.363636363636364,1.3264462809917357,,29.499999999999975,1.4029850746268655,1.0875081598355534,inf,0.47712571665454323,,inf,,inf,1.0,2.055555555555556,inf,0.6821705426356589,0.9523809523809523,inf,inf,0.9920512174388832,,5.714285714285715,0.9652855543113104,,0.4939759036144578,inf,inf,1.1925169892845584,0.7828947368421053,5.790123456790123,inf,inf,,1.507865168539326,0.3884657236126224,0.5021739130434781,0.4915254237288135,0.4565217391304348,0.21428775611971682,inf,1.0,0.0,inf,,0.5365853658536586,1.1894736842105262,1.0,inf,1.2314814814814816,1.8461538461538454,,1.2861762328213422,0.0,1.0,inf,96.42857142857144,0.9143416544297601,inf,1.3,1.0,1.0,0.6796536796536796,inf,0.0,0.5643564356435644,0.0,1.0,inf,0.0,0.4896551724137931,1.0,0.9581881533101047,1.1864406779661016,1.0687285223367697,,1.0,1.0,1.1344262295081968,inf,inf,inf,inf,1.9096153846153847,0.6512027491408935,0.0,3.9,0.295774647887324,inf,0.19738988580750402,inf,0.3782771535580524,inf,inf,,0.3662790697674418,1.4210526315789476,1.026829268292683,0.507936507936508,1.0,0.8286604361370717,0.748344370860927,inf,inf,1.0,11.64,3.7169811320754724,2.0555555555555554,1.0,1.3999346833929296,124.75000000000007,0.8125,1.0,5.6829268292682915
inf,0.5785221211170379,0.3896620278330021,1.0793657994420123,0.2115384615384615,1.823529411764706,inf,,0.0,6.280201342281878,inf,1.5714285714285716,4.333333333333334,,inf,36.35294117647058,inf,2.056603773584906,,166.99999999999986,inf,0.6172106824925816,1.483272873841193,,1.4255111976630965,inf,inf,0.34959349593495936,36.89297658862898,1.423728813559322,inf,0.0,,inf,inf,inf,0.9837199250828411,1.1476510067114094,inf,2.577586206896551,1.1512195121951219,inf,1.0,inf,inf,0.9343379978471474,1.3230337078651686,inf,0.5384615384615383,1.125,,inf,inf,20.857142857142904,9.435897435897433,0.22222222222222224,1.3539325842696632,0.9974928562474488,1.2185430463576157,0.0,0.0,,0.0,0.6000749625187405,1.6150943396226412,0.9995652231062686,inf,0.0,1.0,inf,inf,0.0,1.1691176470588234,1.019047619047619,1.0,inf,4.49367088607595,inf,1.0695519630484986,1.0151515151515151,0.17647058823529413,0.6804123711340205,0.0,0.5,2.3994082840236692,1.11270894049331,1.1646334721556775,0.597035040431267,inf,2.330508474576271,1.4310344827586208,1.0,0.0,0.9450549450549451,inf,0.8431372549019608,0.8468468468468469,0.29850746268656714,2.1451104100946368,0.9957434149788025,inf,inf,inf,2.2357142857142858,1.0,0.3333333333333333,1.0,,inf,29.99999999999998,0.4391891891891892,0.29894736842105263,0.4567901234567901,inf,13.874999999999995,1.1316440661189746,inf,inf,inf,inf,1.095836506727596,2.1818181818181817,2.775510204081632,7.234567901234567,,5.692307692307692,,5.855855855855856,0.11678832116788314,0.8613138686131387,5.827586206896553,1.7777777777777777,inf,,30.57142857142854,inf,0.8917431192660552,1.0438973951715376,3.956343792633016,inf,0.41050119331742246,9.57724463831334,0.44444444444444453,,inf,1.1526655896607432,0.5095785440613027,1.0,1.0,0.8972431077694236,inf,14.666666666666666,0.0,1.2854330708661417,inf,0.37339055793991416,inf,0.6875000000000001,0.16109439124487004,inf,inf,inf,2.5706214689265536,,1.0709382151029747,2.128205128205128,0.0,1.2527239709443099,0.0,inf,inf,inf,,5.916666666666667,1.6363636363636365,1.0644848366077115,0.5561993047508691,inf,0.5321757322175732,inf,0.4755244755244756,6.116346617563246,0.9626927879329823,0.6521739130434782,,inf,20.084668875147234,inf,1.9787559907065233,0.0,3.0,0.3404255319148935,0.489795918367347,0.7153475060641865,inf,0.44587628865979384,0.10466582597730137,1.0482456140350878,1.6964285714285716,1.8488372093023255,inf,0.16117758315858716,0.46183953033268094,2.051282051282051,0.19672131147540986,83.87499999999991,inf,inf,0.0,1.542168674698795,inf,0.5778894472361809,1.4444444444444449,,0.7706896551724137,inf,353.99999999999966,inf,inf,inf,inf,inf,0.7073170731707318,9.68136439267886,0.0,9.657142857142858,,inf,,0.0,inf,0.0,0.9314705882352943,0.680672268907563,0.0,inf,12.081967213114755,1.626086956521739,0.0,inf,0.8534798534798536,0.0,3.125,1.0,0.0,0.0,3.9374999999999996,0.0,1.6164383561643836,0.0,inf,0.986341823551126,inf,1.0,,0.0,1.2461538461538462,0.9494555620953502,0.6444444444444446,,0.025974025974025997,1.3483742534837424,1.0727969348659003,inf,0.5285140562248997,0.8395061728395061,0.0,10.083333333333334,inf,0.8896000000000002,0.9921259842519685,0.9259259259259259,14.888888888888873,inf,0.0,inf,inf,inf,0.4000000000000001,0.0,0.735483870967742,5.469387755102041,1.0,1.0,inf,0.4866666666666666,,,0.7677902621722846,8.0,11.500000000000009,inf,,80.57142857142848,inf,0.5828437132784959,0.3892594068604035,0.0,0.9999479560066481,inf,,0.903225806451613,1.1538461538461537,inf,0.0,0.9052631578947368,inf,0.27058823529411774,,1.013986013986014,inf,0.8807692307692309,0.8197115384615385,0.0,0.0,3.1551724137931028,inf,12.364900413378432,7.527777777777778,1.0,0.3129496402877698,1.777777777777778,1.0,inf,0.0,inf,,3.9687500000000004,1.0540540540540535,0.9052065415099464,1.0211267605633803,0.0,0.0,25.004554865424435,inf,3.8857142857142852,0.9071428571428573,inf,74.49999999999994,inf,1.3636363636363638,0.3834710743801652,2.453146853146853,1.2685950413223142,1.0,21.124999999999982,1.5074626865671643,1.0270837094959653,inf,0.8165833665751538,,inf,,inf,0.6272727272727273,0.5,inf,1.0077519379844961,0.8571428571428572,inf,inf,0.9982447109835344,,4.857142857142858,0.6494960806270997,,0.6204819277108433,inf,inf,1.2163265201478557,0.9605263157894737,3.444444444444445,inf,inf,,1.5191011235955056,0.1904243743199129,3.5152173913043487,0.5932203389830508,0.3152155788038948,0.8523803927671887,inf,0.0,0.05412371134020618,inf,inf,0.0,0.6526315789473683,1.0,inf,0.9567901234567902,1.9999999999999998,1.0,0.8876313662085693,1.2397260273972606,0.08661955955629144,inf,66.28571428571429,0.0,inf,0.0,0.548099301784329,0.8450704225352113,0.6796536796536796,inf,0.9350180505415164,0.0,0.7130434782608696,0.0,inf,0.6293732885620843,0.03448275862068969,1.264142637023993,0.9128919860627177,0.9491525423728813,1.1305841924398623,inf,0.9901960784313726,1.904761904761905,0.9540983606557378,inf,inf,inf,inf,2.0326923076923076,0.6924398625429553,0.7824847250509165,3.4125000000000005,0.16901408450704228,inf,0.016313213703099547,inf,0.0,inf,inf,1.0,0.6220930232558138,2.4276315789473686,1.0284146341463414,0.507936507936508,0.4047619047619047,0.5981308411214953,0.6887417218543046,inf,inf,0.0,3.1199999999999997,4.150943396226415,0.11111111111111091,0.0,1.4018567101588484,89.25000000000004,1.1145833333333333,1.5833333333333333,5.6585365853658525
inf,0.8099309695638532,1.0616302186878728,0.8297003651870167,0.40384615384615374,2.632352941176471,inf,inf,1.4261460101867574,6.68959731543624,inf,0.5454545454545455,6.768115942028986,,inf,55.29411764705881,inf,2.9953584905660384,inf,162.4999999999999,inf,0.0,1.6606207174526402,,1.4274586173320352,inf,inf,0.5528455284552846,54.42809364548528,3.1355932203389827,inf,14.999999999999995,,inf,inf,inf,0.9877539259472697,1.358053691275168,inf,28.6551724137931,0.7970731707317072,inf,0.000837139893355657,inf,inf,0.9806243272335845,1.1235955056179774,inf,0.40384615384615374,0.0,,inf,inf,20.571428571428616,10.487179487179484,0.5061728395061729,1.297752808988764,0.9963357129770404,0.9139072847682118,2.257142857142857,0.650655021834061,inf,0.9151572926596759,0.0,1.4981132075471697,0.9984378365097325,inf,0.8682581786030062,3.142857142857143,inf,inf,5.03333333333333,2.0294117647058822,0.5595238095238094,1.058139534883721,inf,5.544303797468355,inf,1.0712609699769051,0.9696969696969696,0.21176470588235297,1.7319587628865978,0.43374628703904944,0.0,2.2307692307692313,1.0952117974486977,1.1498912763056055,1.0619946091644206,inf,4.0,0.0,0.0,2.333333333333334,0.3186813186813187,inf,0.7549019607843137,0.37837837837837845,1.8358208955223883,4.143007360672976,0.9957434149788025,inf,inf,,0.0,0.8676470588235294,0.44523809523809527,0.0,,inf,77.49999999999994,0.37499999999999994,0.8715789473684211,0.691358024691358,inf,17.625,0.5556765317232505,inf,inf,inf,inf,0.2901751713632902,0.0,10.489795918367347,15.666666666666668,inf,9.384615384615383,inf,5.648648648648649,3.0583941605839415,0.0,6.5517241379310365,9.962962962962962,inf,inf,46.92857142857139,inf,0.9486238532110093,1.0445047649301145,4.100954979536154,inf,0.19570405727923632,6.634678298800437,0.7777777777777779,1.0,inf,0.0,0.735632183908046,1.016934795456038,0.0,0.9291979949874687,inf,15.190476190476193,0.20967741935483886,1.1291830708661417,inf,1.1244635193133046,inf,0.7977941176470589,0.0,inf,inf,inf,3.254237288135593,,1.102974828375286,2.5384615384615383,22.571428571428555,1.2635189669087974,0.9908256880733944,inf,inf,inf,inf,1.8333333333333333,1.393939393939394,0.6769683014061045,0.38354577056778677,inf,0.0,inf,0.0,5.651617782454297,0.9882832037102022,0.7940217391304348,inf,inf,20.084738368669022,inf,1.9653720736528184,2.226244343891403,0.0,0.0,1.1020408163265307,0.7283943787809838,inf,0.3015463917525773,0.9027602634160009,1.1301169590643274,1.174107142857143,2.1627906976744184,inf,0.573167221742527,0.0,2.290598290598291,2.9836065573770494,110.4999999999999,inf,inf,3.1513513513513516,1.3253012048192772,inf,0.628140703517588,2.0202020202020203,inf,0.9862068965517241,inf,280.99999999999983,inf,inf,inf,inf,inf,3.1951219512195124,14.007487520798659,0.5039787798408488,10.771428571428572,inf,inf,,1.0930232558139537,inf,,1.7550000000000003,0.6134453781512605,1.84,inf,12.04672131147541,1.3130434782608695,1.3177419354838709,inf,0.8333333333333333,0.906614785992218,1.3333333333333333,0.0,0.5776636713735558,0.19470827679782907,7.958333333333334,1.0,1.8493150684931505,3.09727626459144,inf,1.0090439276485788,inf,0.4115942028985507,,0.7846153846153846,1.4923076923076923,0.5620217775161861,0.0,inf,0.9740259740259741,1.6376907763769075,1.1111111111111112,inf,0.5911646586345382,0.5308641975308642,0.6422222222222222,9.166666666666668,inf,0.8584,0.0,0.8333333333333334,12.999999999999988,inf,0.1647058823529412,inf,inf,inf,0.02666666666666669,2.481481481481481,0.0,41.00000000000001,0.0,0.9674796747967479,inf,0.2066666666666667,1.0,,0.9962546816479402,6.928571428571427,18.33333333333335,inf,inf,89.71428571428562,inf,0.4007050528789659,0.434412600719453,8.000000000000005,0.9999885879436264,inf,,3.338709677419355,0.8653846153846153,inf,0.7752894736842106,0.9210526315789473,inf,0.6058823529411765,,0.8321678321678321,inf,0.4076923076923077,0.875,0.3863636363636363,1.3516819571865444,5.655172413793103,inf,11.237504697482152,6.611111111111111,0.0,0.08273381294964029,3.2777777777777786,0.0,inf,2.2086956521739127,inf,inf,4.343750000000001,1.7837837837837835,0.44649838272936027,0.9436619718309858,1.1732753938077134,1.2468085106382978,46.37101449275363,inf,3.4857142857142853,1.1678571428571427,inf,116.99999999999991,inf,0.22727272727272732,0.1570247933884297,2.545454545454546,1.2355371900826448,0.0416666666666667,25.749999999999975,2.7761194029850746,0.0,inf,0.9475952475929011,inf,inf,inf,inf,0.0,0.0,inf,1.062015503875969,0.23809523809523817,inf,inf,0.998969380514662,inf,13.000000000000002,0.7323628219484883,1.0,0.6084337349397589,inf,inf,1.221501073367274,0.9934210526315788,2.8271604938271606,inf,inf,inf,1.5393258426966292,0.3949945593035908,3.513858695652176,0.5254237288135594,0.7835874458968616,0.8955034731596383,inf,13.529411764705879,,inf,inf,0.8292682926829269,0.9578947368421052,0.963076923076923,inf,0.8858024691358024,4.230769230769231,0.0,1.5957962813257882,0.47260273972602734,0.0,inf,100.57142857142858,0.7880567792462064,inf,0.7000000000000001,0.08965283165244368,1.0,0.606060606060606,inf,3.783393501805055,0.7029702970297029,0.7182608695652174,1.2974209322501773,inf,1.1125969773449804,0.0,0.0,0.8222996515679443,1.4237288135593218,1.4123711340206184,inf,0.0,0.8730158730158735,1.098360655737705,inf,inf,inf,inf,2.330769230769231,0.6460481099656358,0.8720977596741344,3.75,2.422535211267606,inf,0.20228384991843387,inf,0.3558052434456929,inf,inf,0.625,0.75,3.585526315789474,0.984390243902439,0.6984126984126985,1.166666666666667,0.49221183800623053,0.662251655629139,inf,inf,0.8837209302325582,14.12,3.283018867924529,13.444444444444443,6.111111111111109,1.4008391665768913,199.25000000000009,1.1043749999999999,1.032051282051282,7.195121951219511
inf,0.8785691873235019,1.1709741550695827,0.7276294599314992,0.6201923076923076,2.0,inf,inf,1.4397283531409168,6.471476510067113,inf,0.0,5.3188405797101455,inf,inf,64.29411764705881,inf,2.4528301886792456,inf,131.9999999999999,inf,0.287833827893175,1.6606207174526402,inf,1.4001947419668939,inf,inf,0.6829268292682926,,0.0,inf,94.99999999999997,inf,inf,inf,inf,0.9747874945973202,1.0453020134228188,inf,21.61206896551724,0.4634146341463415,inf,0.0,inf,inf,0.9041980624327232,1.2696629213483146,inf,0.7115384615384615,0.9114583333333331,inf,inf,inf,15.00000000000003,11.358974358974354,0.22222222222222224,1.5224719101123596,0.9963357129770404,0.4834437086092715,1.6,,inf,1.3122020972354624,0.5281109445277361,0.0,0.9993680568405067,inf,1.0079575596816976,0.0,inf,inf,0.13333333333333333,1.2941176470588234,1.4452380952380952,0.0,inf,5.670886075949369,inf,1.071270207852194,1.0606060606060603,0.07058823529411765,1.7800687285223367,0.4848462894539834,1.444444444444444,2.3875739644970424,1.09685215460913,1.227287804518483,1.454177897574124,inf,1.1440677966101693,2.6896551724137936,2.75,3.8333333333333335,0.0,inf,0.8921568627450981,0.0,0.0,5.278654048370136,0.9961522395288609,inf,inf,inf,0.9214285714285715,0.0,1.0476190476190477,0.873529411764706,inf,inf,67.99999999999994,0.6216216216216216,0.9747368421052631,0.41975308641975306,inf,17.874999999999996,0.0,inf,inf,inf,inf,0.0,0.45454545454545453,7.489795918367347,12.358024691358025,inf,0.0,inf,9.94594594594595,4.182481751824818,0.8686131386861313,9.620689655172416,6.62962962962963,inf,inf,58.357142857142804,inf,1.0880733944954128,1.044510165184244,4.039563437926331,inf,0.5346062052505967,4.344601962922573,0.0,0.0,inf,1.791599353796446,,0.0,1.8181818181818183,0.8784461152882206,inf,20.619047619047624,0.6935483870967744,1.1843011811023623,inf,1.5729613733905579,inf,0.0,0.14922024623803007,inf,inf,inf,2.288135593220339,inf,1.094508009153318,2.897435897435897,18.142857142857128,1.2755246166263114,1.275229357798165,inf,inf,inf,inf,0.0,1.106060606060606,1.3509872127774238,0.34414831981460026,inf,0.49615062761506273,inf,0.1293706293706294,6.227048533473632,0.9964441563498625,0.9597826086956522,inf,inf,20.084741460541814,inf,2.085007903643081,1.7737556561085974,1.4799999999999995,0.4574468085106383,1.0204081632653061,0.7402931266987027,inf,0.0,0.0,0.9985380116959064,1.3571428571428574,1.8895348837209303,inf,0.7170757781341227,0.39726027397260266,2.0256410256410255,1.4754098360655739,128.1249999999999,inf,inf,7.2291891891891895,1.4939759036144575,inf,0.0,0.9292929292929293,inf,0.9379310344827586,inf,0.0,inf,inf,inf,inf,inf,7.3414634146341475,14.50665557404325,1.4456233421750664,9.485714285714286,inf,inf,inf,1.3372093023255813,inf,,1.7844117647058828,1.0252100840336136,5.92,inf,12.051803278688524,0.0,0.3580645161290322,inf,0.8131868131868133,1.2412451361867705,1.3333333333333333,0.19999999999999998,0.7150192554557123,0.34396200814111266,12.291666666666666,2.111111111111111,2.0273972602739723,3.0894941634241246,inf,1.113141380583241,inf,0.0,inf,0.6923076923076922,1.7384615384615385,0.0,0.6222222222222223,inf,0.0,1.6575978765759787,0.0,inf,0.678714859437751,0.0,0.6896296296296295,2.333333333333333,inf,0.9872,0.952755905511811,0.0,0.0,inf,0.21176470588235288,inf,inf,inf,0.0,3.6666666666666656,0.9548387096774194,0.0,1.0,0.0,inf,0.0,0.2735993023762809,inf,0.9400749063670413,9.285714285714285,20.250000000000018,inf,inf,85.71428571428564,inf,0.6122209165687426,0.44526113819249985,12.000000000000007,0.9999931026032908,inf,,0.0,0.0,inf,0.7306052631578949,0.6052631578947368,inf,0.31764705882352945,inf,0.972027972027972,inf,0.0,,0.346590909090909,0.41590214067278286,6.0344827586206895,inf,5.450206689214582,7.416666666666666,1.1500000000000001,0.1618705035971222,3.444444444444445,0.44086021505376344,inf,1.2,inf,inf,3.625,2.432432432432432,0.0,0.9507042253521126,0.9244975556762629,1.604255319148936,41.02939958592133,inf,3.0285714285714285,1.4464285714285714,inf,99.99999999999991,inf,0.0,0.3537190082644628,2.493706293706294,1.347107438016529,0.0,23.74999999999998,1.7462686567164178,0.3666717593299907,inf,0.9718422225872305,inf,inf,inf,inf,,0.888888888888889,inf,0.9689922480620154,0.0,inf,inf,0.9992978998607297,,15.285714285714285,0.5733482642777157,0.0,0.0,inf,inf,1.2270832668650837,0.8355263157894736,3.5802469135802473,inf,inf,inf,1.5280898876404494,0.0,3.518206521739132,0.559322033898305,0.870949967737492,0.9482281645137418,inf,3.8235294117647056,,inf,inf,1.024390243902439,0.0,0.0,inf,0.0,2.1538461538461537,2.1363636363636362,0.0,0.726027397260274,0.3489735158539524,inf,221.71428571428572,0.7038668624571707,inf,3.3333333333333335,0.0,0.0,0.8354978354978354,inf,2.3212996389891702,1.0594059405940595,0.5569565217391305,1.2901648394983833,inf,1.2779077317775922,0.22068965517241385,1.1760950913493289,0.7874564459930313,1.8474576271186438,1.4054982817869415,inf,0.2549019607843137,0.0,1.4295081967213112,inf,inf,inf,inf,2.0403846153846152,0.7594501718213058,0.8818737270875764,4.1375,2.95774647887324,inf,0.0,inf,2.647940074906367,inf,inf,0.0,0.0,6.236842105263158,1.0195121951219512,0.0,0.6666666666666669,1.3271028037383175,0.0,inf,inf,1.255813953488372,11.28,5.8773584905660385,90.88888888888889,6.2222222222222205,1.4038756458373343,228.25000000000014,1.1027083333333334,1.0192307692307692,7.121951219512194
